--
-- PostgreSQL database dump
--

-- Dumped from database version 15.11
-- Dumped by pg_dump version 15.11

-- Started on 2025-11-21 13:00:30

SET statement_timeout = 0;
SET lock_timeout = 0;
SET idle_in_transaction_session_timeout = 0;
SET client_encoding = 'UTF8';
SET standard_conforming_strings = on;
SELECT pg_catalog.set_config('search_path', '', false);
SET check_function_bodies = false;
SET xmloption = content;
SET client_min_messages = warning;
SET row_security = off;

SET default_tablespace = '';

SET default_table_access_method = heap;

--
-- TOC entry 216 (class 1259 OID 24629)
-- Name: t_fan_preference; Type: TABLE; Schema: public; Owner: postgres
--

CREATE TABLE public.t_fan_preference (
    first_name character varying(50) NOT NULL,
    last_name character varying(50),
    email character varying(255),
    phone character varying(50),
    first_occupation character varying(3),
    reservation_time timestamp without time zone,
    stand_id character varying(5)
);


ALTER TABLE public.t_fan_preference OWNER TO postgres;

--
-- TOC entry 217 (class 1259 OID 24639)
-- Name: t_reward_result; Type: TABLE; Schema: public; Owner: postgres
--

CREATE TABLE public.t_reward_result (
    reward_id integer NOT NULL,
    seat_id character varying(4),
    first_name character varying(50),
    last_name character varying(50)
);


ALTER TABLE public.t_reward_result OWNER TO postgres;

--
-- TOC entry 218 (class 1259 OID 32788)
-- Name: t_reward_result_reward_id_seq; Type: SEQUENCE; Schema: public; Owner: postgres
--

ALTER TABLE public.t_reward_result ALTER COLUMN reward_id ADD GENERATED BY DEFAULT AS IDENTITY (
    SEQUENCE NAME public.t_reward_result_reward_id_seq
    START WITH 1
    INCREMENT BY 1
    NO MINVALUE
    NO MAXVALUE
    CACHE 1
);


--
-- TOC entry 215 (class 1259 OID 24619)
-- Name: t_seat; Type: TABLE; Schema: public; Owner: postgres
--

CREATE TABLE public.t_seat (
    seat_id character varying(4) NOT NULL,
    stand_id character varying(5)
);


ALTER TABLE public.t_seat OWNER TO postgres;

--
-- TOC entry 214 (class 1259 OID 24614)
-- Name: t_stand; Type: TABLE; Schema: public; Owner: postgres
--

CREATE TABLE public.t_stand (
    stand_id character varying(5) NOT NULL,
    available_seats integer,
    discount_price numeric(4,2)
);


ALTER TABLE public.t_stand OWNER TO postgres;

--
-- TOC entry 3340 (class 0 OID 24629)
-- Dependencies: 216
-- Data for Name: t_fan_preference; Type: TABLE DATA; Schema: public; Owner: postgres
--

COPY public.t_fan_preference (first_name, last_name, email, phone, first_occupation, reservation_time, stand_id) FROM stdin;
John	Doe	johndoe@university.edu	555-1234-5678	STU	2024-04-11 08:00:12.234	East
Sarah	Johnson	sarahjohnson@school.edu	555-2345-6789	EDU	2024-04-11 09:15:30.567	West
Michael	Smith	michaelsmith@military.mil	555-3456-7890	MLT	2024-04-11 10:30:45.89	North
Emily	Davis	emilydavis@college.edu	555-4567-8901	STU	2024-04-11 11:45:22.123	South
Robert	Brown	robertbrown@email.com	555-5678-9012	OTH	2024-04-11 13:20:18.456	East
Jessica	Martinez	jessicamartinez@university.edu	555-6789-0123	STU	2024-04-11 14:05:33.789	West
David	Wilson	davidwilson@academy.edu	555-7890-1234	EDU	2024-04-11 14:30:55.012	North
Amanda	Taylor	amandataylor@college.edu	555-8901-2345	STU	2024-04-11 15:12:40.345	South
James	Anderson	jamesanderson@army.mil	555-9012-3456	MLT	2024-04-11 15:45:28.678	East
Lisa	Thomas	lisathomas@email.com	555-0123-4567	OTH	2024-04-11 16:20:15.901	West
Christopher	Jackson	christopherjackson@university.edu	555-1235-6789	STU	2024-04-11 16:55:42.234	North
Jennifer	White	jenniferwhite@school.edu	555-2346-7890	EDU	2024-04-11 17:18:27.567	South
Matthew	Harris	matthewharris@navy.mil	555-3457-8901	MLT	2024-04-11 17:42:38.89	East
Ashley	Martin	ashleymartin@email.com	555-4568-9012	OTH	2024-04-11 18:05:51.123	West
Daniel	Thompson	danielthompson@college.edu	555-5679-0123	STU	2024-04-11 18:33:19.456	North
Michelle	Garcia	michellegarcia@academy.edu	555-6780-1234	EDU	2024-04-11 19:02:44.789	South
Joshua	Martinez	joshuamartinez@university.edu	555-7891-2345	STU	2024-04-11 19:28:07.012	East
Stephanie	Robinson	stephanierobinson@email.com	555-8902-3456	OTH	2024-04-11 19:55:32.345	West
Andrew	Clark	andrewclark@airforce.mil	555-9013-4567	MLT	2024-04-11 20:14:58.678	North
Rachel	Rodriguez	rachelrodriguez@school.edu	555-0124-5678	EDU	2024-04-11 20:40:23.901	South
Ryan	Lewis	ryanlewis@college.edu	555-1236-7890	STU	2024-04-11 21:08:49.234	East
Nicole	Lee	nicolelee@email.com	555-2347-8901	OTH	2024-04-11 21:35:14.567	West
Brandon	Walker	brandonwalker@marines.mil	555-3458-9012	MLT	2024-04-11 22:02:37.89	North
Lauren	Hall	laurenhall@university.edu	555-4569-0123	STU	2024-04-11 22:28:55.123	South
Kevin	Allen	kevinallen@academy.edu	555-5670-1234	EDU	2024-04-11 22:56:18.456	East
Megan	Young	meganyoung@email.com	555-6781-2345	OTH	2024-04-11 23:21:42.789	North
Tyler	King	tylerking@college.edu	555-7892-3456	STU	2024-04-11 23:47:05.012	South
Kimberly	Wright	kimberlywright@school.edu	555-8903-4567	EDU	2024-04-12 00:14:28.345	East
Justin	Lopez	justinlopez@coastguard.mil	555-9014-5678	MLT	2024-04-12 00:39:51.678	West
Brittany	Hill	brittanyhill@email.com	555-0125-6789	OTH	2024-04-12 01:05:17.901	North
\.


--
-- TOC entry 3341 (class 0 OID 24639)
-- Dependencies: 217
-- Data for Name: t_reward_result; Type: TABLE DATA; Schema: public; Owner: postgres
--

COPY public.t_reward_result (reward_id, seat_id, first_name, last_name) FROM stdin;
161	E001	John	Doe
162	E002	Robert	Brown
163	E003	James	Anderson
164	W501	Sarah	Johnson
165	W502	Jessica	Martinez
166	W503	Lisa	Thomas
167	S101	Emily	Davis
168	S102	Michelle	Garcia
169	S103	Amanda	Taylor
170	S104	Lauren	Hall
171	S105	Tyler	King
172	N601	Andrew	Clark
173	N602	Brandon	Walker
174	N603	Michael	Smith
175	N604	Megan	Young
176	N605	Christopher	Jackson
\.


--
-- TOC entry 3339 (class 0 OID 24619)
-- Dependencies: 215
-- Data for Name: t_seat; Type: TABLE DATA; Schema: public; Owner: postgres
--

COPY public.t_seat (seat_id, stand_id) FROM stdin;
E001	East
E002	East
E003	East
W501	West
W502	West
W503	West
S101	South
S102	South
S103	South
S104	South
S105	South
N601	North
N602	North
N603	North
N604	North
N605	North
\.


--
-- TOC entry 3338 (class 0 OID 24614)
-- Dependencies: 214
-- Data for Name: t_stand; Type: TABLE DATA; Schema: public; Owner: postgres
--

COPY public.t_stand (stand_id, available_seats, discount_price) FROM stdin;
East	3	10.00
West	3	5.00
South	5	2.00
North	5	2.00
\.


--
-- TOC entry 3348 (class 0 OID 0)
-- Dependencies: 218
-- Name: t_reward_result_reward_id_seq; Type: SEQUENCE SET; Schema: public; Owner: postgres
--

SELECT pg_catalog.setval('public.t_reward_result_reward_id_seq', 176, true);


--
-- TOC entry 3190 (class 2606 OID 32787)
-- Name: t_fan_preference t_fan_preference_pkey; Type: CONSTRAINT; Schema: public; Owner: postgres
--

ALTER TABLE ONLY public.t_fan_preference
    ADD CONSTRAINT t_fan_preference_pkey PRIMARY KEY (first_name);


--
-- TOC entry 3192 (class 2606 OID 24643)
-- Name: t_reward_result t_reward_result_pkey; Type: CONSTRAINT; Schema: public; Owner: postgres
--

ALTER TABLE ONLY public.t_reward_result
    ADD CONSTRAINT t_reward_result_pkey PRIMARY KEY (reward_id);


--
-- TOC entry 3188 (class 2606 OID 24623)
-- Name: t_seat t_seat_pkey; Type: CONSTRAINT; Schema: public; Owner: postgres
--

ALTER TABLE ONLY public.t_seat
    ADD CONSTRAINT t_seat_pkey PRIMARY KEY (seat_id);


--
-- TOC entry 3186 (class 2606 OID 24618)
-- Name: t_stand t_stand_pkey; Type: CONSTRAINT; Schema: public; Owner: postgres
--

ALTER TABLE ONLY public.t_stand
    ADD CONSTRAINT t_stand_pkey PRIMARY KEY (stand_id);


--
-- TOC entry 3194 (class 2606 OID 24634)
-- Name: t_fan_preference t_fan_preference_stand_id_fkey; Type: FK CONSTRAINT; Schema: public; Owner: postgres
--

ALTER TABLE ONLY public.t_fan_preference
    ADD CONSTRAINT t_fan_preference_stand_id_fkey FOREIGN KEY (stand_id) REFERENCES public.t_stand(stand_id);


--
-- TOC entry 3195 (class 2606 OID 24649)
-- Name: t_reward_result t_reward_result_seat_id_fkey; Type: FK CONSTRAINT; Schema: public; Owner: postgres
--

ALTER TABLE ONLY public.t_reward_result
    ADD CONSTRAINT t_reward_result_seat_id_fkey FOREIGN KEY (seat_id) REFERENCES public.t_seat(seat_id);


--
-- TOC entry 3193 (class 2606 OID 24624)
-- Name: t_seat t_seat_stand_id_fkey; Type: FK CONSTRAINT; Schema: public; Owner: postgres
--

ALTER TABLE ONLY public.t_seat
    ADD CONSTRAINT t_seat_stand_id_fkey FOREIGN KEY (stand_id) REFERENCES public.t_stand(stand_id);


-- Completed on 2025-11-21 13:00:31

--
-- PostgreSQL database dump complete
--

